<?xml version="1.0" encoding="UTF-8"?>
<!DOCTYPE hibernate-mapping PUBLIC 
    "-//Hibernate/Hibernate Mapping DTD 3.0//EN"
    "http://www.hibernate.org/dtd/hibernate-mapping-3.0.dtd">
    <hibernate-mapping>
    	<class name="crm.entry.Customer" table="cst_customer">
    		<id name="cust_id" column="cust_id">
    			<generator class="native"></generator>
    		</id>
    	
    	<property name="cust_name" column="cust_name"></property>
    	<!-- <property name="cust_source" column="cust_source"></property>
    	<property name="cust_industry" column="cust_industry"></property>
    	<property name="cust_level" column="cust_level"></property> -->
    	<property name="cust_phone" column="cust_phone"></property>
    	<property name="cust_mobile" column="cust_mobile"></property>
    	<property name="cust_image" column="cust_image"></property>
    	<property name="cust_address" column="cust_address"></property>
    	<property name="cust_zip" column="cust_zip"></property>
    	<property name="cust_fax" column="cust_fax"></property>
    	<property name="cust_website" column="cust_website"></property>
    	
    	
    	<many-to-one name="baseSource" class="crm.entry.BaseDict" column="cust_source"></many-to-one>
	<many-to-one name="baseIndustry" class="crm.entry.BaseDict" column="cust_industry"></many-to-one>
		<many-to-one name="baseLevel" class="crm.entry.BaseDict" column="cust_level"></many-to-one>
		
		
		<set name="linkmans" cascade="delete" inverse="true">
			<key column="lkm_cust_id" ></key>
			<one-to-many class="crm.entry.Linkman"/>
		</set>
    	</class>	
    </hibernate-mapping>

