<?xml version="1.0" encoding="UTF-8"?>
<!DOCTYPE hibernate-mapping PUBLIC 
    "-//Hibernate/Hibernate Mapping DTD 3.0//EN"
    "http://www.hibernate.org/dtd/hibernate-mapping-3.0.dtd">
    
    <hibernate-mapping>
    	<class name="crm.entry.Linkman" table="cst_linkman">
    		<id name="lkm_id" column="lkm_id">
    			<generator class="native"></generator>
    		</id>
    	
    	<property name="lkm_name" column="lkm_name"></property>
    	<property name="lkm_gender" column="lkm_gender"></property>
    	<property name="lkm_phone" column="lkm_phone"></property>
    	<property name="lkm_mobile" column="lkm_mobile"></property>
    	<property name="lkm_email" column="lkm_email"></property>
    	<property name="lkm_qq" column="lkm_qq"></property>
    	<property name="lkm_position" column="lkm_position"></property>
    	<property name="lkm_memo" column="lkm_memo"></property>
    	
    	
    	<many-to-one name="customer" class="crm.entry.Customer" column="lkm_cust_id"></many-to-one>
    	</class>
    	
    	
    </hibernate-mapping>