<?xml version="1.0" encoding="UTF-8"?>
<beans xmlns="http://www.springframework.org/schema/beans"
	xmlns:xsi="http://www.w3.org/2001/XMLSchema-instance"
	xmlns:context="http://www.springframework.org/schema/context"
	xmlns:aop="http://www.springframework.org/schema/aop"
	xmlns:tx="http://www.springframework.org/schema/tx"
	xsi:schemaLocation="http://www.springframework.org/schema/beans 
	http://www.springframework.org/schema/beans/spring-beans.xsd
	http://www.springframework.org/schema/context
	http://www.springframework.org/schema/context/spring-context.xsd
	http://www.springframework.org/schema/aop
	http://www.springframework.org/schema/aop/spring-aop.xsd
	http://www.springframework.org/schema/tx 
	http://www.springframework.org/schema/tx/spring-tx.xsd">
	
	<!-- 引入外部属性文件=============================== -->
	<context:property-placeholder location="classpath:jdbc.properties"/>
	<!-- 开启属性注入注解 -->
	<context:annotation-config></context:annotation-config>
	
	<!-- 配置C3P0连接池=============================== -->
	<bean id="dataSource" class="com.mchange.v2.c3p0.ComboPooledDataSource">
		<property name="driverClass" value="${jdbc.driverClass}"/>
		<property name="jdbcUrl" value="${jdbc.url}"/>
		<property name="user" value="${jdbc.username}"/>
		<property name="password" value="${jdbc.password}"/>
	</bean>
	
	<!-- 配置SessionFactory -->
	<bean id="sessionFactory" class="org.springframework.orm.hibernate5.LocalSessionFactoryBean">
		<!-- 注入连接池 -->
		<property name="dataSource" ref="dataSource"/>
		<!-- 配置Hibernate的相关属性 -->
		<property name="hibernateProperties">
			<props>
				<prop key="hibernate.dialect">org.hibernate.dialect.MySQLDialect</prop>
				<prop key="hibernate.show_sql">true</prop>
				<prop key="hibernate.format_sql">true</prop>
				<prop key="hibernate.hbm2ddl.auto">update</prop>
			</props>
		</property>
		
		<!-- 引入映射文件 -->
		<property name="mappingResources">
			<list>
				<value>crm/entry/User.hbm.xml</value>
				<value>crm/entry/Customer.hbm.xml</value>
				<value>crm/entry/BaseDict.hbm.xml</value>
				<value>crm/entry/Linkman.hbm.xml</value>
				<value>crm/entry/SaleVisit.hbm.xml</value>
			</list>
		</property>
	</bean>
	
	<!-- 配置userAction -->
	<bean id="userAction" class="crm.web.action.UserAction" scope="prototype">
		<property name="userService" ref="userService"/>
	</bean>
	
	<!-- 配置userService -->
	<bean id="userService" class="crm.service.impl.UserServiceImpl">
		<property name="userDao" ref="userDao"/>
	</bean>
	
	<!-- 配置userDAO -->
	<bean id="userDao" class="crm.dao.impl.UserDaoImpl">
		<property name="sessionFactory" ref="sessionFactory"/>
	</bean>
	
	<!-- 配置customerAction -->
	<bean id="customerAction" class="crm.web.action.CustomerAction" scope="prototype">
		<property name="customerService" ref="customerService"></property>
	</bean>
	<!-- 配置customerService -->
	<bean id="customerService" class="crm.service.impl.CustomerServiceImpl">
		<property name="customerDao" ref="customerDao"></property>
	</bean>
	<!-- 配置customerDao -->
	<bean id="customerDao" class="crm.dao.impl.CustomerDaoImpl">
		<property name="sessionFactory" ref="sessionFactory"></property>
	</bean>
	
	<!-- 配置联系人 -->
	<bean id="linkmanDao" class="crm.dao.impl.LinkmanDaoImpl">
		<property name="sessionFactory" ref="sessionFactory"></property>
	</bean>
	
	<bean id="linkmanService" class="crm.service.impl.LinkmanServiceImpl">
		<property name="linkmanDao" ref="linkmanDao"></property>
	</bean>
	
	<bean id="linkmanAction" class="crm.web.action.LinkmanAction" scope="prototype">
		<property name="linkmanService" ref="linkmanService"></property>
		<property name="customerService" ref="customerService"></property>
	</bean>
	
	<!-- 配置客户拜访中间表 -->
	
	<bean id="saleVisitDao" class="crm.dao.impl.SaleVisitDaoImpl">
	     <property name="sessionFactory" ref="sessionFactory"></property>
	</bean>
	
	<bean id="saleVisitService" class="crm.service.impl.SaleVisitServiceImpl">
	
	</bean>
	
	<bean id="saleVisitAction" class="crm.web.action.SaleVisitAction" scope="prototype">
	
	</bean>
	<!-- 配置字典管理 -->
	<bean id ="baseDictDao" class="crm.dao.impl.BaseDictDaoImpl">
		<property name="sessionFactory" ref="sessionFactory"></property>
	</bean>
	
	<bean id="baseDictService " class="crm.service.BaseDictServiceImpl">
		<property name="baseDictDao" ref="baseDictDao"></property>	
	</bean>
	
	<bean id="baseDictAction" class="crm.web.action.BaseDictAction" scope="prototype">
		<property name="baseDictService" ref="baseDictService "></property>
	</bean>

	<!-- 配置事务管理器 -->
	<bean id="transactionManager" class="org.springframework.orm.hibernate5.HibernateTransactionManager">
		<property name="sessionFactory" ref="sessionFactory"/>
	</bean>
	
	<!-- 开启注解事务 -->
	<tx:annotation-driven transaction-manager="transactionManager"/>
</beans>
