<?xml version="1.0" encoding="UTF-8" ?>
<!DOCTYPE struts PUBLIC
	"-//Apache Software Foundation//DTD Struts Configuration 2.3//EN"
	"http://struts.apache.org/dtds/struts-2.3.dtd">
<struts>
	<!-- 配置Struts2的常量 -->
	<constant name="struts.action.extension" value="action"/>
	<constant name="struts.multipart.saveDir" value="/tmp"/>
	
	<package name="crm" extends="struts-default" namespace="/">
		<action name="user_*" class="userAction" method="{1}">
			<result name="login">/login.jsp</result>
			<result name="success">/index.jsp</result>
		</action>
		
		<action name="customer_*" class="customerAction" method="{1}">
			<result name="saveUI">/jsp/customer/add.jsp</result>
			<result name="findAll">/jsp/customer/list.jsp</result>
			<result name="saveSuccess" type="redirectAction">customer_findAll.action</result>
			<result name="input">/jsp/customer/add.jsp</result>
			<result name="deleteSuccess" type="redirectAction">customer_findAll.action</result>
			<result name="gotoEdit">/jsp/customer/edit.jsp</result>
			<result name="editSuccess" type="redirectAction">customer_findAll.action</result>
			
			<interceptor-ref name="defaultStack">
			        <param name="fileUpload.maximumSize">1048576</param>
					<param name="fileUpload.allowedExtensions">.jpg</param>
			</interceptor-ref>
		</action>
		<!-- 配置联系人 -->
		<action name="linkman_*" class="linkmanAction" method="{1}">
			<result name="findAll">/jsp/linkman/list.jsp</result>
			<result name="addUI">/jsp/linkman/add.jsp</result>
			<result name="editSuccess" type="redirectAction">linkman_findAll.action</result>
			<result name="addSuccess" type ="redirectAction">linkman_findAll.action</result>
			<result name="deleteSuccess" type ="redirectAction">linkman_findAll.action</result>
			<result name="goEdit">/jsp/linkman/edit.jsp</result>
		</action>
		
		<!-- 配置客户拜访 -->
		<action name="saleVisit_*" class="saleVisitAction" method="{1}">
			<result name="findAll">/jsp/salevisit/list.jsp</result>
			<result name="goEdit">/jsp/salevisit/edit.jsp</result>
			<result name="deleteSuccess" type="redirectAction">saleVisit_findAll.action</result>
			<result name="addSuccess" type="redirectAction" >saleVisit_findAll.action</result>
			<result name="addUI">/jsp/salevisit/add.jsp</result>
		</action>
		<!-- 配置字典 -->
		<action name="baseDict_*" class="baseDictAction" method="{1}">
		
		</action>
		
	</package>
</struts>
